{
    "translation": [
        -646157.4116086164,
        -4130962.4603418973
    ],
    "scale": 0.3
}